Name,Country,Date Start,Date end intended,Implementing State/Province,Implementing City,Description of measure implemented,Keywords,Exceptions,Applies To,Target country,Target region,Tests per day,Tests conducted to date,Contacts traced to date,Column 1,Source,Target state,Target city
to contain,,,,,,,,,,,,,,,,,,
Taiwan,Taiwan,"Dec 30, 2019",,,,Tightened inbound traveller screening,international traveller screening,,,China,,,,,,"https://www.bmj.com/content/368/bmj.m56, https://promedmail.org/promed-post/?id=6866757",,
Hong Kong,Hong Kong,"Dec 30, 2020",,,,Hong Kong Secretary for Food and Health announced that suspected cases presenting with symptoms of pneumonia acute respiratory illness fever and a recent travel to Wuhan within the last 14 days would be put in isolation,"14 days, compulsory isolation, international traveller screening, targeted isolation",,,China,,,,,,"https://www.bmj.com/content/368/bmj.m56, https://promedmail.org/promed-post/?id=6866758, https://www.scmp.com/news/china/politics/article/3044050/mystery-illness-hits-chinas-wuhan-city-nearly-30-hospitalised",,
Macau,Macau,"Dec 30, 2021",,,,Tightened inbound traveller screening,international traveller screening,,,China,,,,,,"https://www.bmj.com/content/368/bmj.m56, https://promedmail.org/promed-post/?id=6866759",,
China,China,"Dec 18, 2019",,Hubei,Wuhan,Seven cases of COVID-19 documented in Wuhan,testing commenced,,,,,,,,,https://www.nejm.org/doi/10.1056/NEJMoa2001316,,
,,,,,,,,,,,,,,,,,,
China,China,"Dec 25, 2019",,Hubei,Wuhan,Medical staff in two Wuhan hospitals were suspected of contracting the virus; first reports of isolation being used,"compulsory isolation, targeted isolation",,,,,,,,,https://mp.weixin.qq.com/s/IzzCnz4Yr2jEIYZePiu_ow,,
China,China,"Dec 30, 2019",,Hubei,Wuhan,Wuhan CDC confirmed 27 cases of viral pneumonia of unknown cause; all hospitals required to report all cases of unkown origin and related to Huanan Seafood Market and give patients proper treatment;,"case reporting, source tracing",,,,,,,,,https://www.bbc.com/zhongwen/simp/chinese-news-51382117; http://www.bjnews.com.cn/news/2019/12/31/668430.html,,
China,China,"Jan 01, 2020",,Hubei,Wuhan,Huanan Seafood Market closed by Jianghan District's Health Agency and Administration for Market Regulation for 'environment improvement'; workers in hazmat suits inspected market and collected samples,source tracing,,,,,,,,,https://finance.sina.com.cn/china/gncj/2020-01-01/doc-iihnzhfz9652655.shtml,,
China,China,"Jan 03, 2020",,Hubei,Wuhan,"Research on virus commenced; 44 cases reported, 120 close contacts started being monitored ","research, source tracing",,,,,,,,,https://www.statnews.com/2020/01/04/mystery-pneumonia-outbreak-china/,,
"Singapore ",Singapore,"Jan 04, 2020",,,Singapore,"First suspected case in Singapore reported, later found to be unrelated",testing commenced,,,,,,,,,https://web.archive.org/web/20200115062654/https://www.straitstimes.com/singapore/health/wuhan-pneumonia-first-suspect-case-identified-here; https://www.moh.gov.sg/news-highlights/details/update-on-local-situation-regarding-severe-pneumonia-cluster-in-wuhan-5-jan,,
"United States ",United States,"Jan 07, 2020",,,Washington DC,"United States CDC issues travel warning to for travellers to Wuhan for cluster of pneumonia cases of unknown etiology ","international traveller screening, travel warning",,,,,,,,,https://www.kff.org/news-summary/chinese-health-authorities-work-to-discover-cause-of-viral-pneumonia-outbreak-cdc-issues-travel-notice-for-wuhan/,,
China,China,"Jan 08, 2020",,Hubei,Wuhan,"Scientists announce new coronavirus ",public announcement,,,,,,,,,https://web.archive.org/web/20200202154104/https://www.wsj.com/articles/new-virus-discovered-by-chinese-scientists-investigating-pneumonia-outbreak-11578485668; https://www.youtube.com/watch?v=jggndUgvhrk,,
"South Korea ",South Korea,"Jan 08, 2020",,,Seoul,"First possible case in South Korea announced, Chinese woman travelling from Wuhan who worked near Seoul",testing commenced,,,,,,,,,https://apnews.com/30c5bf016c52748eebc6371fe3b17321,,
,,"Jan 09, 2020",,,,"European Centre for Disease Prevention and Control (ECDC) issued first risk assessment, saying likelihood of introduction to Europe was low given low risk of human to human transmission; Public Health England (PHE) also issued statement outlining that the risk was low ",public announcement,,,,,,,,,https://web.archive.org/web/20200110230138/http://www.cidrap.umn.edu/news-perspective/2020/01/pressure-builds-china-share-info-new-coronavirus,,
"China ",China,"Jan 10, 2020",,Guangzhou,Shenzhen,"First two patients outside Wuhan admitted to hospital in Shenzhen ","case reporting, testing commenced",,,,,,,,,http://www.caixin.com/2020-03-01/101522551.html,,
"China ",China,"Jan 12, 2020",,Hubei,Wuhan,"700 close contacts of initial 41 infections closely monitored with no new infections; WHO published initial guidance on travel, lab testing and medical investigation ","public announcement, research, source tracing",,,,,,,,,https://web.archive.org/web/20200108143634/https://wwwnc.cdc.gov/travel/notices/watch/pneumonia-china; http://www.cidrap.umn.edu/news-perspective/2020/01/questions-still-swirl-over-chinas-unexplained-pneumonia-outbreak; https://web.archive.org/web/20200111215102/http://www.cidrap.umn.edu/news-perspective/2020/01/china-releases-genetic-data-new-coronavirus-now-deadly; https://web.archive.org/web/20200107220738/http://www.cidrap.umn.edu/news-perspective/2020/01/nations-step-screening-and-await-word-chinas-pneumonia-outbreak; https://web.archive.org/web/20200111215102/http://www.cidrap.umn.edu/news-perspective/2020/01/china-releases-genetic-data-new-coronavirus-now-deadly,,
"Thailand ",Thailand,"Jan 13, 2020",,,Bangkok,"First case outside China reported, a resident of Wuhan, visiting Thailand; detected via thermal imaging on arrival at airport ","international traveller screening, testing commenced",,,,,,,,,https://web.archive.org/web/20200114230152/http://www.cidrap.umn.edu/news-perspective/2020/01/report-thailands-coronavirus-patient-didnt-visit-outbreak-market; https://web.archive.org/web/20200121030737/https://www.who.int/csr/don/14-january-2020-novel-coronavirus-thailand-ex-china/en/,,
China,China,"Jan 15, 2020",,Hubei,Wuhan,"Wuhan Municipal Health Commission stated on it's website that there was no clear indication of human to human transmission but did not rule out the possibility, although maintained that the risk of human to human transmission was low; total case number 41",case reporting,,,,,,,,,http://www.bjnews.com.cn/news/2020/01/24/678679.html,,
"Japan ",Japan,"Jan 16, 2020",,Kanagawa prefecture,Tokyo,"Japan reported first case to WHO, a 30 year Chinese national who had not visited the seafood market but was a known close contact of an affected person in Wuhan ","case reporting, source tracing, testing commenced",,,,,,,,,https://www.who.int/csr/don/16-january-2020-novel-coronavirus-japan-ex-china/en/; https://www.straitstimes.com/asia/east-asia/japan-confirms-first-case-of-infection-with-new-china-coronavirus,,
Vietnam,Vietnam,"Jan 16, 2020",,,Danang,"Two tourists from Wuhan presenting with fevers were quarantined at the airport in Danang ",international traveller screening,,,,,,,,,https://www.straitstimes.com/asia/east-asia/japan-confirms-first-case-of-infection-with-new-china-coronavirus,,
"China ",China,"Jan 20, 2020",,Hubei,Wuhan,city formed specialized command for epidemic control (CEC) to upgrade measures to cope with the epidemic including enhanced protection over the medical workers;,task group,,,,,,,,,https://cn.reuters.com/article/cctv-wuhan-coronavirus-control-0121-idCNKBS1ZK07N,,
"China ",China,"Jan 20, 2020",,,"Beijing, Shenzhen",Case numbers rose to 136; Beijing and Shenzhen reported first cases,testing commenced,,,,,,,,,https://www.france24.com/en/20200120-china-confirms-sharp-rise-in-cases-of-sars-like-virus-across-the-country; https://cn.nytimes.com/china/20200120/china-virus-wuhan-coronavirus/,,
China,China,"Feb 01, 2020",,,,Import duties and US-specific tariffs were exempted on imported materials donated for epidemic prevention and control,"deregulation, economic incentives",,,,,,,,,https://web.archive.org/web/20200202065401/https://www.jiemian.com/article/3933142.html,,
China,China,"Feb 01, 2020",,,,"The Ministry of Ecology and Environment issued a notice late in the evening to deploy medical wastewater and urban sewage supervision, regulate emergency medical wastewater treatment, sterilisation and disinfection requirements, in order to prevent the spread of new coronavirus through faeces and sewage",waste water treatment,,,,,,,,,https://web.archive.org/web/20200202061200/https://www.jiemian.com/article/3933853.html,,
China,China,"Feb 01, 2020",,Hubei,,The Department of Civil Affairs of Hubei Province suspends all marriage registrations starting on 3 February 2020,"social isolation, weddings canceled",,,,,,,,,https://web.archive.org/web/20200202065359/https://www.jiemian.com/article/3932693.html,,
China,China,"Feb 01, 2020",,Hubei,Huanggang,"implements a much stricter control, allowing only one person from each household every two days to be on the street for purchases, unless for medically-related reasons, required for epidemic control, or as shop workers.","blanket house confinement, social isolation",,,,,,,,,https://web.archive.org/web/20200202143057/http://news.cnhubei.com/huanggang/p/12673257.html,,
China,China,"Feb 01, 2020",,Hunan,,"Hunan government required companies in the province not to resume business before 24:00 on 9 February; the new semester is not to start earlier than 17 February for primary and secondary schools and kindergartens, and 24 February for post-secondary institutions","business suspension, school closure, university closure",,,,,,,,,https://web.archive.org/web/20200202065356/https://www.jiemian.com/article/3931335.html,,
China,China,"Feb 01, 2020",,Tianjin,,Tianjin government issued a notice to postpone business resumption and the start of the new semester,"business suspension, school closure, university closure",,,,,,,,,https://web.archive.org/web/20200202141545/http://www.chinanews.com/gn/2020/02-01/9074793.shtml,,
China,China,"Feb 01, 2020",,Hubei,Huanggong,"Huanggang, Hubei converted Dabie Mountain Regional Medical Centre to an emergency treatment hospital, adding 1000 new beds","hospital construction, treatment capacity",,,,,,,,,https://web.archive.org/web/20200202065358/https://www.jiemian.com/article/3933470.html,,
Date,Date,,,,,,,,,,,,,,,,,
China,China,"Feb 01, 2020",,Hubei,,China Securities Regulatory Commission waived the 2020 annual listing fee that listed companies in Hubei are required to pay to the stock exchange.,economic stimulus,,,,,,,,,https://web.archive.org/web/20200202065359/https://www.jiemian.com/article/3932423.html,,
China,China,"Feb 01, 2020",,,,China Federation of Radio and Television Associations issued a notice to pause the filming of all films and TV dramas in mainland China during the epidemic,business suspension,,,,,,,,,https://web.archive.org/web/20200202065400/https://www.jiemian.com/article/3932933.html,,
China,China,"Feb 01, 2020",,,,Apple Inc. temporarily closed all Apple Stores in mainland China until 24:00 on 9 February.,business suspension,,,,,,,,,https://web.archive.org/web/20200202065357/https://www.jiemian.com/article/3932498.html,,
China,China,"Feb 01, 2020",,,,"China's National Health Commission (NHC) announced new regulations Saturday requiring that all who lose their lives to the coronavirus must be cremated at the nearest facility. ""No farewell ceremonies or other funeral activities involving the corpse shall be held,""","funeral hygiene, hygiene enforcement, public hygiene",,,,,,,,,https://web.archive.org/web/20200204043336/https://www.businessinsider.com/china-bans-funerals-for-coronavirus-victims-as-death-toll-rises-2020-2,,
China,China,"Feb 01, 2020",,,,"The Badminton World Federation announced it has postponed the 2020 Lingshui China Masters tournament, originally scheduled to be held from 25 February to 1 March",event cancellation,,,,,,,,,https://bwfbadminton.com/news-single/2020/02/01/bwf-statement-on-postponement-of-lingshui-china-masters/,,
China,China,"Feb 02, 2020",,Hubei,Wuhan,"On the same day, the Prevention and Control HQ issued a set of traditional Chinese medicine (TCM) prescriptions ""to help treat the infection"".[508] This move follows the 22 January recommendation from the National Health Commission to use TCM to treat the disease.[509] The same official file that contains the prescription also demands that all patients in Wuhan be treated by TCM",questionable medical recommendation,,,,,,,,,https://www.epochtimes.com/gb/20/2/4/n11842894.htm,,
China,China,"Feb 02, 2020",,Zheijang,Wenzhou,"Wenzhou, Zhejiang announces implementing the same measure as Huanggang, where every household may send one person every two days outside for purchases, from 00:00 on 2 February to 24:00 on 8 February.","blanket house confinement, social isolation",,,,,,,,,https://web.archive.org/web/20200202142810/https://www.yicai.com/news/100485610.html,,
China,China,"Feb 02, 2020",,Hubei,,"Huoshenshan Hospital completed construction in the morning and was transferred to the military, half a day earlier than scheduled.",hospital construction,,,,,,,,,https://web.archive.org/web/20200202061233/https://www.jiemian.com/article/3934433.html,,
China,China,"Feb 02, 2020",,Hubei,,Hubei allows imported and re-imported masks that are unlisted in China to be sold in the provincial market,"deregulation, economic incentives",,,,,,,,,https://web.archive.org/web/20200202061226/https://www.jiemian.com/article/3934550.html,,
China,China,"Feb 02, 2020",,Meituan,,Meituan starts an initiative to disinfect all shared bikes in eight mainland cities regardless of the brand,public hygiene,,,,,,,,,https://web.archive.org/web/20200202061154/https://www.jiemian.com/article/3934577.html,,
China,China,"Feb 02, 2020",,Hubei,Wuhan,"With immediate effect, Wuhan's government announced the quarantining of ""all suspected patients and those known to have been in close contact with a confirmed case."" It stated ""Patients shall cooperate. Whoever refuses to cooperate will be subject to enforcement by the police.""","compulsory isolation, social isolation, targeted isolation",,,,,,,,,https://web.archive.org/web/20200206091439/https://www.scmp.com/news/china/society/article/3048575/coronavirus-45-more-deaths-1921-new-cases-reported-hubei,,
China,China,"Feb 02, 2020",,,,"Chinese Premier Li Keqiang has asked the European Union to facilitate the sale of medical supplies “through commercial channels”. According to a Chinese government statement, the President of the European Commission Ursula von der Leyen said the European Union will try its best and coordinate all necessary resources to provide assistance to China.",international aid,,,,,,,,,https://www.youtube.com/watch?v=GxKsWsWCJgA,,
China,China,"Feb 02, 2020",,,Beijing,"A new mask factory has started production in Beijing, after only seven days of being proposed and having all licenses on 31 January.",manufacturing capacity,,,,,,,,,https://web.archive.org/web/20200202202808/https://news.cgtn.com/news/2020-02-02/Beijing-builds-mask-factory-in-7-days-amid-widespread-shortage-NLkdpnbO12/index.html,,
China,China,"Feb 03, 2020",,,,The Chinese New Year holiday period ended after having been extended for a week.,business suspension,,,,,,,,,http://finance.chinanews.com/cj/2020/02-03/9077187.shtml,,
China,China,"Feb 03, 2020",,Hubei,Wuhan,"In Wuhan, the People's Liberation Army Ground Force takes over medical supplies delivery.[524] “The Beijing leadership realised that almost all the donation points in Hubei and Wuhan have had delivery problems, that there are some opportunists using this crisis to make money,” according to a military source",military takeover,,,,,,,,,https://web.archive.org/web/20200205125935/https://www.scmp.com/news/china/society/article/3048778/coronavirus-chinese-military-takes-control-medical-supplies,,
China,China,"Feb 03, 2020",,,,"4,000 passengers on the World Dream cruise ship were quarantined, after four among them positive to the coronavirus","cruise ship, quarantine",,,,,,,,,https://web.archive.org/web/20200205125903/https://www.scmp.com/economy/china-economy/article/3048784/coronavirus-least-three-cases-among-4000-passengers-china,,
China,China,"Feb 04, 2020",,,,"The People’s Bank of China provided an additional 500 billion yuan (roughly US$71 billion) of liquidity into the country’s financial system on Tuesday, following 1.2 trillion yuan (over US$170 billion) the previous day",economic stimulus,,,,,,,,,https://web.archive.org/web/20200206200112/https://www.nytimes.com/2020/02/04/world/asia/coronavirus-china.html,,
China,China,"Feb 05, 2020",,,,"The National Health Commission releases the fifth diagnostic criteria. For Hubei, CT scan results are no longer required for declaring suspected cases,[529] and ""clinical diagnoses"" may now be made using ""imaging features of the pneumonia"", without nucleic acid testing required.[530] For suspected cases, ""respiratory symptoms"" are now admitted as part of the criteria nationwide.",diagnostic guidance,,,,,,,,,https://web.archive.org/web/20200205133028/https://www.jiemian.com/article/3947696.html,,
China,China,"Feb 05, 2020",,Hubei,,Hubei released an additional ¥200 million (US$28.56 million) as special subsidies for the construction of treatment sites,"hospital construction, treatment capacity",,,,,,,,,https://web.archive.org/web/20200205135302/https://www.jiemian.com/article/3948681.html,,
China,China,"Feb 05, 2020",,Hubei,Wuhan,The first shelter hospital[534] is put into use,"hospital construction, treatment capacity",,,,,,,,,https://web.archive.org/web/20200205135301/https://www.jiemian.com/article/3948801.html,,
China,China,"Feb 05, 2020",,Hubei,Wuhan,"The Wuhan Institute of Virology applied for a patent of Gilead's antiviral drug, remdesivir, as applied toward 2019-nCoV, in China. The granting of a patent by Chinese authorities was not certain, but a patent would provide China with leverage in negotiating license fees with Gilead.","intellectual property, pharmaceutical treatment",,,,,,,,,https://web.archive.org/web/20200206064149/https://www.bloomberg.com/news/articles/2020-02-05/china-is-trying-to-patent-gilead-s-experimental-coronavirus-drug,,
China,China,"Feb 06, 2020",,Chongqing,,"The start of the new semester is postponed to at least the end of February in Zhejiang,[543] Jiangsu,[543] Chongqing,[544] and Shanghai.[",school closure,,,,,,,,,http://app.cctv.com/special/cportal/detail/arti/index.html?id=Arti0Rd54yRt0cEq03jI3VsT200206&fromapp=cctvnews&version=803&version=803&allow_comment=1,,
China,China,"Feb 06, 2020",,Zhejian,,"The start of the new semester is postponed to at least the end of February in Zhejiang,[543] Jiangsu,[543] Chongqing,[544] and Shanghai.[",school closure,,,,,,,,,http://app.cctv.com/special/cportal/detail/arti/index.html?id=Arti0Rd54yRt0cEq03jI3VsT200206&fromapp=cctvnews&version=803&version=803&allow_comment=1,,
China,China,"Feb 06, 2020",,Shanghai,,"The start of the new semester is postponed to at least the end of February in Zhejiang,[543] Jiangsu,[543] Chongqing,[544] and Shanghai.[",school closure,,,,,,,,,http://app.cctv.com/special/cportal/detail/arti/index.html?id=Arti0Rd54yRt0cEq03jI3VsT200206&fromapp=cctvnews&version=803&version=803&allow_comment=1,,
China,China,"Feb 06, 2020",,Jiangsu,,"The start of the new semester is postponed to at least the end of February in Zhejiang,[543] Jiangsu,[543] Chongqing,[544] and Shanghai.[",school closure,,,,,,,,,http://app.cctv.com/special/cportal/detail/arti/index.html?id=Arti0Rd54yRt0cEq03jI3VsT200206&fromapp=cctvnews&version=803&version=803&allow_comment=1,,
China,China,"Feb 06, 2020",,Sichuan,,Sichuan[546] and Guangdong[547] rolled out measures to help small and medium-sized enterprises in response to the epidemic.,economic stimulus,,,,,,,,,https://web.archive.org/web/20200206091807/https://www.jiemian.com/article/3949971.html,,
China,China,"Feb 06, 2020",,Guangdong,,Sichuan[546] and Guangdong[547] rolled out measures to help small and medium-sized enterprises in response to the epidemic.,economic stimulus,,,,,,,,,https://web.archive.org/web/20200206091807/https://www.jiemian.com/article/3949971.html,,
China,China,"Feb 06, 2020",,,,Tencent news issued a statement saying screenshots of its Epidemic Tracker circulating on the Internet showing substantially higher numbers are doctored.,epidemic data,,,,,,,,,https://en.wikipedia.org/wiki/Timeline_of_the_2019%E2%80%9320_coronavirus_pandemic_in_February_2020#cite_note-548,,
China,China,"Feb 06, 2020",,,,"China announces that they will halve the tariff on US$75 billion goods imported from America, and Chinese official media Global Times commented that China is considering the use of disaster provision in the US-China Phase One trade deal, which was signed in the previous month","deregulation, economic stimulus",,,,,,,,,https://news.now.com/home/finance/player?newsId=379605,,
China,China,"Feb 07, 2020",,Hubei,,"On 7 February, the Joint Defence and Control Mechanism of the State Council introduced a scheme of ""one province for one city"", where 16 provinces would provide medical force support for every city in Hubei except Wuhan",medical aid,,,,,,,,,http://www.bjnews.com.cn/news/2020/02/07/685879.html,,
China,China,"Feb 07, 2020",,Hangzhou,,"Hangzhou imposed a temporary ban on retail pharmacies selling fever and cough medicines, asking citizens with the symptoms to see a doctor instead",encouraging symptomatic people to seek tests,,,,,,,,,https://www.jiemian.com/article/3958003.html,,
China,China,"Feb 08, 2020",,Shenzhen,,"Shenzhen[557][558] and Shanghai[559][560][561] roll out measures to support companies and reduce costs, including measures estimated to reduce ¥30 billion (US$4.3 billion) in Shanghai.",economic stimulus,,,,,,,,,https://www.jiemian.com/article/3958973.html,,
China,China,"Feb 08, 2020",,Shanghai,,"Shenzhen[557][558] and Shanghai[559][560][561] roll out measures to support companies and reduce costs, including measures estimated to reduce ¥30 billion (US$4.3 billion) in Shanghai.",economic stimulus,,,,,,,,,https://www.jiemian.com/article/3958973.html,,
China,China,"Feb 08, 2020",,Hubei,,The National Development and Reform Commission (NDRC) issued an additional ¥200 million (US$28.66 million) for Hubei to improve the treatment capacity of patients with severe infections,treatment capacity,,,,,,,,,https://www.jiemian.com/article/3958370.html,,
China,China,"Feb 08, 2020",,Leishenshan,,Leishenshan Hospital begins operation.,"hospital construction, treatment capacity",,,,,,,,,https://www.jiemian.com/article/3959045.html,,
China,China,"Feb 08, 2020",,,,"Business has now resumed in all 30 mainland province-level divisions, apart from Hubei",business resumed,,,,,,,,,https://www.jiemian.com/article/3968076.html,,
China,China,"Feb 10, 2020",,,,Tibetan New Year public activities due to occur on 24 February were suspended due to the Coronavirus disease 2019 epidemic.,event cancellation,,,,,,,,,https://en.wikipedia.org/wiki/Timeline_of_the_2019%E2%80%9320_coronavirus_pandemic_in_February_2020#cite_note-573,,
China,China,"Feb 11, 2020",,Guangdong,,Guangdong passed an emergency legislation banning the trading and overeating of wildlife and devolves emergency legislative powers to county-level governments.,wild animal ban,,,,,,,,,https://www.jiemian.com/article/3969310.html,,
China,China,"Feb 11, 2020",,,,"The Ministry of Human Resources and Social Security expanded existing relief measures for micro, small, and medium size enterprises.",economic stimulus,,,,,,,,,https://www.jiemian.com/article/3969029.html,,
China,China,"Feb 12, 2020",,,,China National Railway Group stopped selling seatless tickets and initiated measures to control train occupancy.,"public transport occupation, social distancing",,,,,,,,,https://en.wikipedia.org/wiki/Timeline_of_the_2019%E2%80%9320_coronavirus_pandemic_in_February_2020#cite_note-594,,
China,China,"Feb 13, 2020",,Hubei,,"ubei released 1.3 million masks for civil use, providing pharmacies at ¥1 each and requiring them to sell at the ""affordable price"" of ¥2 (US$0.287) each.",civil ppe,,,,,,,,,http://www.bjnews.com.cn/news/2020/02/13/688878.html,,
China,China,"Feb 13, 2020",,Hubei,,Hubei postponed business resumption and start of new semester across the province; businesses were not to resume before 24:00 on 20 Feb,"business suspension, school closure",,,,,,,,,https://www.jiemian.com/article/3979654.html,,
China,China,"Feb 13, 2020",,Guangxi,,Guangxi prohibited the start of new semester before 1 March.,school closure,,,,,,,,,https://en.wikipedia.org/wiki/Timeline_of_the_2019%E2%80%9320_coronavirus_pandemic_in_February_2020#cite_note-609,,
China,China,"Feb 13, 2020",,Hubei,Wuhan,"Wuhan enacts a new rule prohibiting people from leaving their neighbourhoods for non-medical reasons, updating the curfew to a full lockdown","blanket house confinement, compulsory isolation, lockdown",,,,,,,,,https://en.wikipedia.org/wiki/Timeline_of_the_2019%E2%80%9320_coronavirus_pandemic_in_February_2020#cite_note-610,,
China,China,"Feb 14, 2020",,,Beijing,Beijing required all persons returning to the city to self-quarantine for 14 days.,"blanket house confinement, compulsory isolation",,,,,,,,,https://en.wikipedia.org/wiki/Timeline_of_the_2019%E2%80%9320_coronavirus_pandemic_in_February_2020#cite_note-616,,
Italy,Italy,"Mar 12, 2020","Mar 25, 2020",,,"closure of shops (supermarkets, grocery, pharmacy)",business suspension,"supermarkets, grocery, pharmacy",,,,,,,,https://www.mzv.cz/rome/cz/viza_a_konzularni_informace/dalsi_zesilena_opatreni_proti_sireni.html,,
Italy,Italy,"Mar 12, 2020","Mar 25, 2020",,,closures of companies,business suspension,"banks, transportations, financial and insurance companies",,,,,,,,https://www.mzv.cz/rome/cz/viza_a_konzularni_informace/dalsi_zesilena_opatreni_proti_sireni.html,,
Italy,Italy,"Mar 08, 2020",,,,avoiding moves from place of residence,public transport occupation,,,,,,,,,https://www.mzv.cz/rome/cz/viza_a_konzularni_informace/dalsi_zesilena_opatreni_proti_sireni.html,,
Italy,Italy,"Mar 08, 2020","Apr 04, 2020",,,"stop cultural activities (cinemas, theaters, museums, pubs, game halls, discos)",activity cancellation,,,,,,,,,https://www.mzv.cz/rome/cz/viza_a_konzularni_informace/dalsi_zesilena_opatreni_proti_sireni.html,,
Italy,Italy,"Mar 08, 2020","Apr 04, 2020",,,"stop sport activities (gyms, swimming pools, thermal centers)","activity cancellation, sport cancellation",,,,,,,,,https://www.mzv.cz/rome/cz/viza_a_konzularni_informace/dalsi_zesilena_opatreni_proti_sireni.html,,
Italy,Italy,"Mar 08, 2020","Apr 04, 2020",,,stop religious activities,"activity cancellation, religious activity cancellation",,,,,,,,,https://www.mzv.cz/rome/cz/viza_a_konzularni_informace/dalsi_zesilena_opatreni_proti_sireni.html,,
Italy,Italy,"Mar 08, 2020","Apr 04, 2020",,,stop exhibitions,activity cancellation,,,,,,,,,https://www.mzv.cz/rome/cz/viza_a_konzularni_informace/dalsi_zesilena_opatreni_proti_sireni.html,,
Italy,Italy,"Mar 08, 2020","Apr 04, 2020",,,school facilities of all levels are closed.,school closure,,,,,,,,,https://www.mzv.cz/rome/cz/viza_a_konzularni_informace/dalsi_zesilena_opatreni_proti_sireni.html,,
Italy,Italy,"Jan 31, 2020",,,,has declared a public health emergency for six months,public announcement,,,,,,,,,https://www.mzv.cz/rome/cz/viza_a_konzularni_informace/dalsi_zesilena_opatreni_proti_sireni.html,,
Czechia,Czechia,"Mar 14, 2020","Mar 24, 2020",,,closure of shops,business suspension,"grocery, pharmacy, drugstore, gas stations",,,,,,,,https://koronavirus.mzcr.cz/vyvoj-udalosti-v-case/,,
Czechia,Czechia,"Mar 14, 2020","Mar 24, 2020",,,"ban on the presence of public in catering establishments ",business suspension,staffing and boarding of health and social service providers or prisons,,,,,,,,https://koronavirus.mzcr.cz/vyvoj-udalosti-v-case/,,
Czechia,Czechia,"Mar 13, 2020",,,,"Quarantine (14 days at home) for all incoming from high-risk countries (China, Iran, Italy, South Korea, France, Spain, Germany, Switzerland, Norway, Denmark, The Netherlands, Sweden, The United Kingdom, Belgium, Austria)","14 days, international traveller screening, targeted isolation",,,,,,,,,https://koronavirus.mzcr.cz/vyvoj-udalosti-v-case/,,
Czechia,Czechia,"Mar 13, 2020",,,,ban on leaving the republic,country quarantine,,,,,,,,,https://koronavirus.mzcr.cz/vyvoj-udalosti-v-case/,,
Czechia,Czechia,"Mar 12, 2020",,,,has declared an emergency situation throughout the Czech Republic due to coronavirus,emergency declaration,,,,,,,,,https://koronavirus.mzcr.cz/vyvoj-udalosti-v-case/,,
,China,"Feb 14, 2020",,Shenzhen,,"Shenzhen Metro would start using real-name system starting 16 Feb for epidemic tracing, with passengers able to self-register the carriages they ride in by scanning the QR code in the train","contact tracing, phone based location tracing, public transport occupancy tracing",public transport,,,,,,,,https://en.wikipedia.org/wiki/Timeline_of_the_2019%E2%80%9320_coronavirus_pandemic_in_February_2020#cite_note-617,,
,China,"Feb 14, 2020",,,,The Office of the State Council Education Steering Committee prohibited all after-school training institutions from conducting offline training in any form.,"mandated remote work, remote work",,,,,,,,,https://www.jiemian.com/article/3985044.html,,
,China,"Feb 14, 2020",,,,All mainland IELTS exams in March were cancelled,"activity cancellation, school closure",,,,,,,,,https://en.wikipedia.org/wiki/Timeline_of_the_2019%E2%80%9320_coronavirus_pandemic_in_February_2020#cite_note-619,,
,China,"Feb 15, 2020",,Hubei,Jingmen,"Jingmen, Hubei escalated control, prohibiting outside vehicles and persons from entering its central districts except for medical and living supplies,","blanket house confinement, compulsory isolation",,,,,,,,,https://www.jiemian.com/article/3987089.html,,
,China,"Feb 15, 2020",,Hubei,Jingmen,"Jingmen, Hubei escalated control, prohibiting outside vehicles and persons from entering its central districts except for medical and living supplies, and shutting down all business except approved pharmacies, supermarkets, and hotels",business suspension,,,,,,,,,https://en.wikipedia.org/wiki/Timeline_of_the_2019%E2%80%9320_coronavirus_pandemic_in_February_2020#cite_note-621,,
,China,"Feb 15, 2020",,,,"The Central Bank of China required cash from outbreak areas to be stored for at least 14 days before entering market, 7 days for other areas.","cash hygiene, public hygiene",,,,,,,,,https://en.wikipedia.org/wiki/Timeline_of_the_2019%E2%80%9320_coronavirus_pandemic_in_February_2020#cite_note-625,,
,China,"Feb 16, 2020",,Hubei,,"Hubei implements ""hard quarantine"" in units of natural villages; no outsiders are to be allowed in and each household is allowed one person every three days to go out for provisions and urgent agricultural material, on designated routes and in limited time.","blanket house confinement, compulsory isolation, natural village quarantine",,,,,,,,,https://en.wikipedia.org/wiki/Timeline_of_the_2019%E2%80%9320_coronavirus_pandemic_in_February_2020#cite_note-628,,
,China,"Feb 16, 2020",,,,All nonessential public spaces in Hubei are to be closed and all gatherings forbidden,"activity ban, activity cancellation",,,,,,,,,https://www.thepaper.cn/newsDetail_forward_6020319,,
,China,"Feb 16, 2020",,Guizhou,,"Guizhou resumes normal traffic, removing all temporary quarantine checkpoints.",quarantine lifted,,,,,,,,,https://en.wikipedia.org/wiki/Timeline_of_the_2019%E2%80%9320_coronavirus_pandemic_in_February_2020#cite_note-633,,
,China,"Feb 16, 2020",,Hunan,,The first internet hospitals open in Hunan.,"remote medical treatment, remote work",,,,,,,,,https://www.jiemian.com/article/3990885.html,,
,China,"Feb 16, 2020",,Jiangsu,"Nanjing, Suzhou","Nanjing and Suzhou implements real-name system for public transit, following Shenzhen","contact tracing, phone based location tracing, public transport occupancy tracing",,,,,,,,,https://en.wikipedia.org/wiki/Timeline_of_the_2019%E2%80%9320_coronavirus_pandemic_in_February_2020#cite_note-643,,
,China,"Feb 16, 2020",,Huanggang,,Huanggang announced that any person with fever or cough taking the initiative to see a doctor would receive a financial reward of ¥500 (US$71.6). This is about 1 week of pay at Cmedian income,"economic stimulus, encouraging symptomatic people to seek tests, financial incentive, testing",,,,,,,,,https://www.jiemian.com/article/3991886.html,,
,China,"Feb 17, 2020",,Hubei,Xiaogan,"Following its announcement the previous night, Xiaogan now bans all its urban residents from leaving home, all its rural residents from wandering, visiting neighbours, and gathering, and all vehicles from roads. Exceptions are made for medical reasons, medical staff, providers of medical and living provision, pregnancies, deaths, essential vehicles, and others granted permissions. Violators would be subject to up to 10 days of detention and put on the dishonest list.","blanket house confinement, compulsory isolation",,,,,,,,,https://view.inews.qq.com/a/20200216A0PF3Q00,,
,China,"Feb 17, 2020",,Zheijang,Hangzhou,Hangzhou resumes normal traffic and public transport service,quarantine lifted,,,,,,,,,http://std.stheadline.com/instant/articles/detail/1202384/%E5%8D%B3%E6%99%82-%E4%B8%AD%E5%9C%8B-%E6%9D%AD%E5%B7%9E%E5%9F%8E%E5%B8%82%E5%85%AC%E5%85%B1%E4%BA%A4%E9%80%9A%E5%AE%A2%E9%81%8B%E5%8F%8A%E5%9C%B0%E9%90%B5-%E6%98%8E%E5%87%8C%E6%99%A8%E8%B5%B7%E6%81%A2%E5%BE%A9%E6%9C%8D%E5%8B%99,,
,China,"Feb 18, 2020",,Tianjin,,Tianjin now requires QR code scanning for entering public spaces and transport services,"contact tracing, phone based location tracing, public transport occupancy tracing",,,,,,,,,https://www.jiemian.com/article/3997117.html,,
,China,"Feb 18, 2020",,Zheijang,Yiwu International Trade City,Yiwu International Trade City reopened for business,business resumed,,,,,,,,,http://jinhua.zjol.com.cn/jsbd/202002/t20200218_11684672.shtml,,
,China,"Feb 18, 2020",,Shanghai,,"Shanghai requires educational institutions to conduct online education when the new semester starts on 2 March, so that student will not go to school.","mandated remote schooling, remote schooling",,,,,,,,,https://www.jiemian.com/article/3999134.html,,
,China,"Feb 19, 2020",,,,"The NHC published the sixth pilot version of Diagnostic and Treatment Plan of the Novel Coronavirus Pneumonia,[657] which removed the category of clinical diagnosis introduced in the previous edition for Hubei, as well as adjusted several descriptions, criteria, and treatment guidelines of COVID-19,.","diagnostic guidance, testing",,,,,,,,,http://www.nhc.gov.cn/yzygj/s7653p/202002/8334a8326dd94d329df351d7da8aefc2.shtml,,
,China,"Feb 19, 2020",,Zheijang,,Zhejiang now requires declaration for vehicles entering the province.,domestic traveller screening,,,,,,,,,https://www.jiemian.com/article/4001322.html,,
,China,"Feb 19, 2020",,Zheijang,Wenzhou,public transport across the province apart from Wenzhou will now resume normal service.,public transport resumed,,,,,,,,,https://www.guancha.cn/politics/2020_02_18_536964.shtml,,
,China,"Feb 19, 2020",,Guangdong,,Guangdong resumes inter-provincial busses in response to the travel needs of migrant workers.,domestic travel resumed,,,,,,,,,http://www.gd.xinhuanet.com/newscenter/2020-02/19/c_1125595349.htm,,
,China,"Feb 19, 2020",,Hubei,Wuhan,Wuhan bans all vehicles from roads apart from essential vehicles,total vehicle ban,,,,,,,,,http://www.gd.xinhuanet.com/newscenter/2020-02/19/c_1125595349.htm,,
,China,"Feb 19, 2020",,Hubei,,"Hubei requires businesses in the province not to resume before 10 March, except for essential industries.",business suspension,,,,,,,,,http://www.nbd.com.cn/articles/2020-02-20/1409863.html,,
,China,"Feb 20, 2020",,Zheijang,Wenzhou,Wenzhou removed all checkpoints except in Yueqing and reopened highways.,domestic travel resumed,,,,,,,,,https://www.jiemian.com/article/4010536.html,,
,China,"Feb 20, 2020",,Hubei,Wuhan,Wuhan requires residents to measure their temperature twice daily and report any measurements exceeding 37.3 °C (99.1 °F).,encouraging symptomatic people to seek tests,,,,,,,,,https://www.jiemian.com/article/4009367.html,,
,China,"Feb 21, 2020",,"Henan, Shandong",,Henan and Shandong removed all road quarantine measures.,domestic travel resumed,,,,,,,,,https://www.jiemian.com/article/4009936.html,,
,China,"Feb 21, 2020",,Hubei,,"Following some public confusion with the data released, Hubei prohibited the subtracting of clinically diagnosed cases.","diagnostic guidance, epidemic data",,,,,,,,,https://www.jiemian.com/article/4013807.html,,
,China,"Feb 21, 2020",,Hubei,Wuhan,"Wuhan finished the testing of all existing suspected patients, patients with fever, and people with close contact",testing,,,,,20000,,,,https://www.jiemian.com/article/4015978.html,,
,China,"Feb 22, 2020",,Hubei,Wuhan,Wuhan requires a 14-day quarantine for patients discharged from COVID-19.,"compulsory isolation, discharged patient isolation, targeted isolation",,,,,,,,,https://www.jiemian.com/article/4017540.html,,
,China,"Feb 25, 2020",,"Liaoning, Shandong","Dalian, Qingdao, Shenyang, Weihai","In response the epidemic situation in South Korea and an apparent significant surge of demand for flight tickets from South Korea to Shandong cities, Qingdao will now quarantine all persons entering with a travel history of areas with the epidemic,[692] Weihai will now quarantine all persons entering from Japan and South Korea for 14 days,[693] Shenyang will now test the temperature of all passengers entering from the city,[694] and Dalian will now include all foreigners into its epidemic control mechanism.","compulsory isolation, international traveller screening, targeted isolation",,,"Japan, South Korea",,,,,,http://www.takungpao.com/news/232108/2020/0225/419743.html,,
,China,"Feb 25, 2020",,Guangzhou,,Guangzhou will now test all inpatients for SARS-CoV-19.,"blanket testing, testing",,,,,,,,,https://www.jiemian.com/article/4029191.html,,
,Czechia,"Mar 10, 2020",,,,"personal participation in teaching at primary, secondary, tertiary and tertiary professional schools was also prohibited",school closure,,,,,,,,,https://koronavirus.mzcr.cz/vyvoj-udalosti-v-case/,,
,China,"Feb 25, 2020",,,Beijing,Beijing required foreign travellers arriving from areas affected by COVID-19 to be quarantined for 14 days.,"compulsory isolation, international traveller screening, targeted isolation",,,"Japan, South Korea",,,,,,https://www.channelnewsasia.com/news/asia/beijing-orders-quarantine-for-foreign-arrivals-from-virus-hit-areas-12473012,,
,China,"Feb 26, 2020",,Shandong,Yantai,"Yantai, Shandong will now test all persons entering China from the city for SARS-CoV-2 for free.","blanket testing, domestic traveller screening, testing",,,,,,,,,https://www.jiemian.com/article/4032138.html,,
,Australia,"Feb 01, 2020",,,,"All travellers arriving out of mainland China were asked to self-isolate for a period of 14 days from the time of leaving. Additional border measures were implemented to deny entry of people who have arrived from the mainland China, with the exception of Australian citizens, permanent residents and their immediate family and air crews who have been using appropriate personal protective equipment.",travel ban,,,China,,,,,,https://www.health.gov.au/news/australian-health-protection-principal-committee-ahppc-novel-coronavirus-statement-on-1-february-2020,,
,Czechia,"Mar 10, 2020",,,,"another extraordinary measure was issued, ordering all persons not subject to the extraordinary measure of 7 March 2020 on compulsory quarantine, after crossing the national border of the Czech Republic, to undergo control of symptoms of infectious diseases. At the same time, it directs all people who have been diagnosed with symptoms to provide the necessary assistance to healthcare professionals.","international traveller screening, quarantine",,,,,,,,,https://koronavirus.mzcr.cz/vyvoj-udalosti-v-case/,,
,Vietnam,"Feb 01, 2020","Feb 02, 2020",Quang Ninh,,"International border gates Móng Cái (Quảng Ninh Province, Vietnam) - Dongxing (Guangxi, China) ceased functioning on 1 February for an unspecified time; border gates Hoành Mô and Bắc Phong Sinh experienced a 24-hour closure, awaiting further measurements from authorities.",travel ban,,,China,,,,,,https://vtc.vn/tin-tuc-trong-ngay/quang-ninh-dong-cua-cac-diem-xuat-hang-tren-tuyen-bien-gioi-giap-trung-quoc-ar524858.html,,
,Czechia,"Mar 10, 2020",,,,"the Security Council met. Subsequently, the Ministry of Health, based on an ongoing assessment of the situation, issued an extraordinary measure ordering, with effect from 10 March 2020, all providers of inpatient health services and social services facilities to ban visitors.",,"inpatient care, which is provided to minors, patients with limited legal capacity and parents. The ban on visits also does not apply to hospices, including services for terminally terminally ill patients.",,,,,,,,https://koronavirus.mzcr.cz/vyvoj-udalosti-v-case/,,
,Taiwan,"Feb 01, 2020",,,,"Taiwan barred nationals from Guangdong (mainland China) and travellers who recently visited the area will be subject to a mandatory 14-day quarantine, from entry beginning 1 February.",travel ban,,,China,Guangdong,,,,,,,
,Vietnam,"Feb 01, 2020","May 01, 2020",,,"With the sixth case being another domestic transmission, Vietnamese Prime Minister Nguyễn Xuân Phúc signed an epidemic declaration.[13] Aviation permits which already had been granted for flights between Vietnam and China Mainland-Hong Kong-Macau were all revoked, effective immediately from 13:00 (UTC+7, 1 February) for an unspecified time.[13][713] It perhaps lasts until 1 May, according to the United States Federal Aviation Administration.",travel ban,,,"China, Hong Kong, Macau",,,,,,https://en.vietnamplus.vn/vietnam-declares-novel-coronavirus-epidemic/168021.vnp,,
,Japan,"Feb 01, 2020",,,,"The Government of Japan barred: entry of foreign nationals infected with the virus, and entry of Chinese citizens with passports issued in Hubei province.",travel ban,,,China,Hubei,,,,,https://japantoday.com/category/national/Japan-bars-entry-of-foreign-travelers-from-China%27s-Hubei-Province,,
,Czechia,"Mar 10, 2020",,,,Information leaflets about coronavirus in 4 languages began to be distributed and the temperature of passengers is measured. Distribution of leaflets was also ensured in train connections.,,,,,,,,,,https://koronavirus.mzcr.cz/vyvoj-udalosti-v-case/,,
,Germany,"Feb 01, 2020",,,,"102 German citizens and 26 relatives, all of whom were symptom-free on departure, were evacuated from the Wuhan region to Frankfurt am Main by the Executive Transport Wing of the German Air Force. After their return, they were placed in quarantine in a military barrack in Rhineland-Palatinate for 14 days.[716] The coronavirus was found in two passengers on 2 February.","international traveller screening, testing",,,,,,,,,https://www.tagesschau.de/inland/coronavirus-germersheim-107.html,,
,Czechia,"Feb 01, 2020",,,,Trinidad and Tobago's travel restrictions on persons arriving from China goes into full effect. Persons now have to wait 14 days after leaving China before being able to enter Trinidad & Tobago. Additionally persons who may already be at a port of entry and who were in China or are showing symptoms will be subject to quarantine measures.,"international traveller screening, travel ban",,,"Canada, China, Panama, United Kingdom, United States",,,,,,http://www.guardian.co.tt/neo/NeoProxy.dll?app=NeoDirect&com=6/2/1044268/3e2e11acfd,,
,Qatar,"Feb 03, 2020",,,,Qatar Airways has suspended flights to mainland China from 3 February until further notice,travel ban,,,China,,,,,,https://business.financialpost.com/pmn/business-pmn/qatar-air-suspends-flights-to-china-as-cases-jump-virus-update,,
,New Zealand,"Feb 02, 2020","Feb 28, 2020",,,"New Zealand has temporarily banned all foreign nationals travelling from, or transiting through mainland China after 2 February to assist the containment of the coronavirus into New Zealand and the Pacific Islands. Foreign travelers in transit to New Zealand on 2 February will be subject to enhanced scanning but pending clearance will be allowed into New Zealand.","international traveller screening, travel ban",,,China,,,,,,https://www.nzherald.co.nz/nz/news/article.cfm?c_id=1&objectid=12305282,,
,North Korea,"Feb 02, 2020",,,,"""During the month of February, events, ceremonial visits and meetings shall not proceed, and essential meetings shall be conducted via telephone"" [...] all diplomats or international organization staff going to North Korea will now be subjected to a mandatory 15-day quarantine process at their “place of residence” from the day of arrival"".","international traveller screening, travel ban",,,Russia,,,,,,https://www.nknews.org/2020/02/north-korea-suspends-vladivostok-flights-expands-virus-containment-measures/,,
,North Korea,"Feb 02, 2020",,,,"""During the month of February, events, ceremonial visits and meetings shall not proceed, and essential meetings shall be conducted via telephone"" [...] all diplomats or international organization staff going to North Korea will now be subjected to a mandatory 15-day quarantine process at their “place of residence” from the day of arrival"".","activity cancellation, mandated remote work, remote work",,,,,,,,,https://www.nknews.org/2020/02/north-korea-suspends-vladivostok-flights-expands-virus-containment-measures/,,
,Vietnam,"Feb 03, 2020","Feb 10, 2020",,,Lunar New Year holidays was extended for one week to all k-through-12 students in Ho Chi Minh City; public schools will resume on 10 February.,school closure,,,,,,,,,https://tuoitrenews.vn/news/education/20200202/ho-chi-minh-city-allows-k12-students-one-week-off-to-avoid-coronavirus-spread/52828.html,,
,United States,"Feb 03, 2020",,,,"The Centers for Disease Control and Prevention plan to distribute testing kits to speed up the diagnosis of the coronavirus. The CDC states that this measure will help speed up the testing and diagnosis of the coronavirus after cases in the U.S. reached 11. The Food and Drug Administration first has to approve the test for wider distribution, the CDC said.",testing planned,,,,,,,,,https://www.nytimes.com/2020/02/03/world/asia/coronavirus-china.html,,
,Singapore,"Feb 03, 2020",,,,"K-pop band Winner cancelled its concert in Singapore, supposed to be held on 8 February.",event cancellation,,,,,,,,,https://www.straitstimes.com/lifestyle/k-pop-group-winners-concert-huayi-events-stage-club-play-cancelled-or-postponed-due-to,,
,Vietnam,"Feb 04, 2020",,,,The Nanning–Hanoi through train shall cease service as per agreement between the two national operators.,travel ban,,,China,,,,,,https://news.zing.vn/dung-tau-khach-lien-van-quoc-te-viet-nam-trung-quoc-post1042917.html,,
,Colombia,"Feb 05, 2020",,,,"With the US CDC's endorsement, Colombia INS confirmed that it to be the first country in Latin America that might detect the novel coronavirus without sending samples to foreign centers",testing commenced,,,,,,,,,https://www.eltiempo.com/salud/prueba-para-detectar-el-coronavirus-en-colombia-458712,,
,United States,"Feb 06, 2020",,,,The Pentagon was asked by the Department of Health and Human Services (HHS) to provide military installations near 11 major airports that could each house up to 220 U.S. citizens in support of coronavirus quarantines.,quarantine planned,,,,,,,,,https://thehill.com/policy/defense/481934-pentagon-to-provide-military-installations-near-11-major-airports-for,,
,United States,"Feb 06, 2020",,,,US Universities restrict study abroad program to and from China,"activity cancellation, university closure",,,China,,,,,,https://www.foxnews.com/health/coronavirus-these-universities-canceling-study-abroad-programs,,
,Singapore,"Feb 07, 2020",,,,"Singapore raises its contagion threat level to Orange, as the virus is spreading there from unknown origins",public announcement,,,,,,,,,https://www.straitstimes.com/singapore/coronavirus-outbreak-alert-upped-to-orange-as-more-cases-surface-with-no-known-links-more,,
,Hong Kong,"Feb 07, 2020",,,,"Two Hong Kong jewelry trade fairs, hosted by the Hong Kong Trade Development Council, got rescheduled due to the virus epidemic.[810] Art Basel Hong Kong international art fair, that was being held in March also gets cancelled due to the virus epidemic.","activity cancellation, business suspension, event cancellation",,,,,,,,,https://www.forbes.com/sites/anthonydemarco/2020/02/06/two-hong-kong-jewelry-trade-fairs-are-rescheduled-due-to-coronavirus/,,
,Singapore,"Feb 07, 2020","Mar 01, 2020",,,"The performances of Mandarin play First Fleet, originally slated to run from Feb 14 to 23, 2020",event cancellation,,,,,,,,,https://www.straitstimes.com/lifestyle/arts/mandarin-play-first-fleet-rescheduled,,
,Vietnam,"Feb 08, 2020",,,,"The school break in Vietnam was extended in all 63 first-level subdivisions, with the majority to 16 February and five to an unspecified time.",school closure,,,,,,,,,https://tuoitre.vn/63-63-tinh-thanh-pho-keo-dai-thoi-gian-nghi-hoc-cho-hoc-sinh-20200208175640702.htm,,
,China,"Feb 08, 2020","Feb 10, 2020",,,Apple extends the shutdown period of its stores and corporate offices in China. They will reopen at some time during the week of 10 February which is the week after the originally stated week Apple said they will reopen,business suspension,,,,,,,,,https://www.cnbc.com/2020/02/07/apple-extends-its-store-closures-in-china-due-to-the-coronavirus.html,,
,France,"Feb 09, 2020",,,,Families in the French village Les Contamines-Montjoie get lined up to get tested for the virus.,testing commenced,,,,,,,,,https://www.reuters.com/article/us-china-health-france-idUSKBN2030K4,,
,,,,,,,,,,,,,,,,,,
,,,,,,,,,,,,,,,,,,
,Czechia,"Mar 10, 2020",,,,All mass events with more than 100 people were banned at the same time,social distancing,,,,,,,,,,,
,Spain,"Mar 09, 2020",,Madrid,,temporarily closing all educational institutions in Madrid and other hard-hit regions.,school closure,,,,,,,,,https://www.ft.com/content/b91c1de6-6246-11ea-a6cd-df28cc3c6a68,,
,France,"Mar 16, 2020",,,,"French schools, universities and crèches will be shut from Monday due to the coronavirus outbreak",school closure,,,,,,,,,https://www.politico.eu/article/macron-orders-closure-of-french-schools-universities-due-to-coronavirus/,,
,Belgium,"Mar 14, 2020","Apr 03, 2020",,,"Belgium will close schools,",school closure,,,,,,,,,https://www.thejakartapost.com/news/2020/03/13/belgium-closes-schools-bars-to-fight-coronavirus-outbreak.html,,
,Belgium,"Mar 14, 2020",,,,"cancel all cultural events and shutter bars and restaurants to stave off the spread of the coronavirus outbreak (all recreational events: sporting, cultural or folkloric"" are cancelled, ""regardless of size and whether it is a private or public meeting."")",business suspension,,,,,,,,,https://www.thejakartapost.com/news/2020/03/13/belgium-closes-schools-bars-to-fight-coronavirus-outbreak.html,,
,Belgium,"Mar 14, 2020",,,,"Beginning Saturday, only stores that provide essential services -- such as pharmacies and grocery stores-- will remain open under normal conditions. All other stores will remain open during the week, but closed at weekends.",business suspension,,,,,,,,,https://www.thejakartapost.com/news/2020/03/13/belgium-closes-schools-bars-to-fight-coronavirus-outbreak.html,,
,Belgium,"Mar 14, 2020",,,,The government asked Belgians to work from home as much as possible.,remote work,,,,,,,,,https://www.thejakartapost.com/news/2020/03/13/belgium-closes-schools-bars-to-fight-coronavirus-outbreak.html,,
,Luxembourg,"Mar 16, 2020","Mar 27, 2020",,,"Meanwhile, Luxembourg’s Health Minister Paulette Lenert announced that all schools in the country will be closed as of March 16 until March 27.",school closure,,,,,,,,,https://www.aa.com.tr/en/europe/belgium-portugal-to-shut-schools-over-coronavirus/1764338,,
,Portugal,"Mar 13, 2020","Apr 09, 2020",,,Portugal’s Prime Minister Antonio Costa said in a press conference that all schools and universities will be closed until April 9.,,,,,,,,,,https://www.aa.com.tr/en/europe/belgium-portugal-to-shut-schools-over-coronavirus/1764338,,
,,,,,,,,,,,,,,,,,,
Just some data,,,,,,,,,,,,,,,,,,